TIMESTAMP,URL,START_TIME,END_TIME,EALPSED_TIME,STATUS,METHOD
2023-01-06 12:15:46.547356+05:30,/gallery.html,7107.7639356,7107.771471801,0.007536201000220899,200,GET
2023-01-06 12:15:48.556324+05:30,/login.html,7109.773783824,7109.780603994,0.0068201699996279785,200,GET
2023-01-06 12:15:48.570243+05:30,/login.html,7109.780647367,7109.794524209,0.013876842000172473,200,POST
2023-01-06 12:15:50.579512+05:30,/index.html,7111.796646788,7111.803792238,0.007145450000280107,200,GET
2023-01-06 12:15:51.587578+05:30,/gallery.html,7112.804933983,7112.811857894,0.006923910999830696,200,GET
2023-01-06 12:16:02.605093+05:30,/login.html,7123.82327778,7123.829372032,0.006094251999456901,200,GET
2023-01-06 12:16:02.618370+05:30,/login.html,7123.829418406,7123.842650731,0.013232324999989942,200,POST
2023-01-06 12:16:10.633542+05:30,/admin,7131.851090838,7131.857822221,0.006731382999532798,403,GET
2023-01-06 12:16:11.641254+05:30,/admin,7132.858989221,7132.865533096,0.006543874999806576,403,GET
2023-01-06 12:16:13.649795+05:30,/index.html,7134.867689263,7134.874074932,0.006385669000337657,200,GET
2023-01-06 12:16:22.666087+05:30,/about.html,7143.883514678,7143.890366404,0.006851725999695191,200,GET
2023-01-06 12:16:23.674103+05:30,/index.html,7144.891558712,7144.898383333,0.006824621000305342,200,GET
2023-01-06 12:16:25.683137+05:30,/login.html,7146.900565918,7146.90741587,0.006849951999356563,200,GET
2023-01-06 12:16:25.696113+05:30,/login.html,7146.90745953,7146.920394197,0.01293466700008139,200,POST
2023-01-06 12:16:26.704511+05:30,/about.html,7147.921568914,7147.928789411,0.0072204970001621405,200,GET
2023-01-06 12:16:27.713016+05:30,/about.html,7148.929957309,7148.937296021,0.007338712000091618,200,GET
2023-01-06 12:16:34.727228+05:30,/login.html,7155.944764248,7155.951507202,0.006742954000401369,200,GET
2023-01-06 12:16:34.740658+05:30,/login.html,7155.951578962,7155.964939949,0.013360986999941815,200,POST
2023-01-06 12:16:45.758723+05:30,/admin,7166.976439773,7166.983002321,0.006562548000147217,403,GET
2023-01-06 12:16:46.766733+05:30,/about.html,7167.984178966,7167.991013379,0.00683441299952392,200,GET
2023-01-06 12:16:47.774759+05:30,/gallery.html,7168.992163844,7168.999038248,0.006874403999972856,200,GET
2023-01-06 12:16:48.782676+05:30,/about.html,7170.00017631,7170.006956234,0.006779924000511528,200,GET
2023-01-06 12:16:50.791606+05:30,/index.html,7172.009104917,7172.015885846,0.006780929000342439,200,GET
2023-01-06 12:16:57.802282+05:30,/about.html,7179.019810689,7179.026561267,0.006750577999810048,200,GET
2023-01-06 12:16:58.809925+05:30,/about.html,7180.027737415,7180.034205287,0.006467872000030184,200,GET
2023-01-06 12:17:00.818526+05:30,/gallery.html,7182.03637141,7182.042805411,0.00643400099943392,200,GET
2023-01-06 12:17:12.838228+05:30,/index.html,7194.05552189,7194.062507683,0.006985793000239937,200,GET
2023-01-06 12:17:13.845966+05:30,/gallery.html,7195.063659619,7195.070245814,0.006586195000636508,200,GET
2023-01-06 12:17:15.854838+05:30,/index.html,7197.072408585,7197.079117985,0.006709400000545429,200,GET
2023-01-06 12:17:17.863584+05:30,/login.html,7199.081274139,7199.08786468,0.0065905410001505516,200,GET
2023-01-06 12:17:17.880228+05:30,/login.html,7199.087904852,7199.104509941,0.016605089000222506,200,POST
2023-01-06 12:17:22.890436+05:30,/about.html,7204.107851813,7204.114716012,0.006864199000119697,200,GET
2023-01-06 12:17:33.908434+05:30,/gallery.html,7215.126156961,7215.132713859,0.006556898000781075,200,GET
2023-01-06 12:17:34.915962+05:30,/index.html,7216.133851651,7216.14024135,0.006389698999555549,200,GET
2023-01-06 12:17:48.937668+05:30,/index.html,7230.155014876,7230.16194769,0.006932813999810605,200,GET
2023-01-06 12:17:50.946509+05:30,/admin,7232.164096059,7232.170789456,0.006693397000162804,403,GET
2023-01-06 12:17:52.955482+05:30,/gallery.html,7234.172988074,7234.179762255,0.006774180999855162,200,GET
2023-01-06 12:17:54.964473+05:30,/gallery.html,7236.181938686,7236.188752806,0.0068141199999445234,200,GET
2023-01-06 12:17:57.975009+05:30,/index.html,7239.192194706,7239.19928921,0.007094503999724111,200,GET
2023-01-06 12:17:59.983667+05:30,/login.html,7241.201443247,7241.207946747,0.00650350000069011,200,GET
2023-01-06 12:17:59.997283+05:30,/login.html,7241.207988068,7241.221564927,0.013576858999840624,200,POST
2023-01-06 12:18:01.005232+05:30,/index.html,7242.222692808,7242.229512204,0.006819395999627886,200,GET
2023-01-06 12:18:03.014652+05:30,/login.html,7244.231679157,7244.238931276,0.007252118999531376,200,GET
2023-01-06 12:18:05.023775+05:30,/gallery.html,7246.241092818,7246.248055025,0.006962207000469789,200,GET
2023-01-06 12:18:08.034161+05:30,/index.html,7249.25150312,7249.258440288,0.006937168000149541,200,GET
2023-01-06 12:18:10.042891+05:30,/gallery.html,7251.260605357,7251.267170206,0.00656484899991483,200,GET
2023-01-06 12:18:12.051731+05:30,/admin,7253.269314944,7253.276011235,0.00669629099957092,403,GET
2023-01-06 12:18:13.059576+05:30,/gallery.html,7254.277204057,7254.283855955,0.006651898000200163,200,GET
2023-01-06 12:18:14.066391+05:30,/index.html,7255.285003689,7255.290670939,0.005667249999532942,200,GET
2023-01-06 12:18:22.081542+05:30,/admin,7263.29913132,7263.305822234,0.00669091399959143,403,GET
2023-01-06 12:18:23.089429+05:30,/gallery.html,7264.306986456,7264.313708741,0.006722284999341355,200,GET
2023-01-06 12:18:24.097397+05:30,/gallery.html,7265.314877924,7265.321676633,0.006798708999667724,200,GET
2023-01-06 12:18:26.105858+05:30,/admin,7267.323844521,7267.330137955,0.00629343400032667,403,GET
2023-01-06 12:18:31.117834+05:30,/gallery.html,7272.335637819,7272.342114226,0.006476407000263862,200,GET
2023-01-06 12:18:32.125877+05:30,/about.html,7273.3433289,7273.350156645,0.0068277450000096,200,GET
2023-01-06 12:18:40.140798+05:30,/admin,7281.358602,7281.365077691,0.006475690999650396,403,GET
2023-01-06 12:18:42.149486+05:30,/index.html,7283.367229449,7283.373765447,0.006535997999890242,200,GET
2023-01-06 12:18:44.158474+05:30,/index.html,7285.375935364,7285.382753,0.0068176360000506975,200,GET
2023-01-06 12:18:52.173824+05:30,/index.html,7293.391208943,7293.39810472,0.006895777000863745,200,GET
2023-01-06 12:18:58.186684+05:30,/about.html,7299.404581628,7299.410963998,0.006382369999300863,200,GET
2023-01-06 12:19:02.197999+05:30,/admin,7303.415591753,7303.422278932,0.006687179000437027,403,GET
2023-01-06 12:19:12.215277+05:30,/admin,7313.432729066,7313.439527068,0.0067980019994138274,403,GET
2023-01-06 12:19:13.223248+05:30,/login.html,7314.440725511,7314.447526563,0.006801051999900665,200,GET
2023-01-06 12:19:15.231984+05:30,/login.html,7316.449745937,7316.456264129,0.006518191999930423,200,GET
2023-01-06 12:19:15.244600+05:30,/login.html,7316.456304853,7316.468881024,0.01257617100054631,200,POST
2023-01-06 12:19:16.252957+05:30,/index.html,7317.470038365,7317.477235961,0.007197595999969053,200,GET
2023-01-06 12:19:18.262408+05:30,/about.html,7319.479405828,7319.48668778,0.007281951999175362,200,GET
2023-01-06 12:19:23.274602+05:30,/gallery.html,7324.492098429,7324.498882743,0.006784313999560254,200,GET
2023-01-06 12:19:24.282469+05:30,/about.html,7325.500006363,7325.506749378,0.006743015000211017,200,GET
2023-01-06 12:19:26.291064+05:30,/index.html,7327.508887604,7327.515343268,0.006455663999986427,200,GET
2023-01-06 12:19:28.300036+05:30,/index.html,7329.517515803,7329.524315594,0.006799791000048572,200,GET
2023-01-06 12:19:29.308061+05:30,/index.html,7330.525497383,7330.532341364,0.006843981000201893,200,GET
2023-01-06 12:19:32.318398+05:30,/gallery.html,7333.535795903,7333.542677521,0.00688161800007947,200,GET
2023-01-06 12:19:33.326426+05:30,/login.html,7334.543863738,7334.550705616,0.0068418780001593404,200,GET
2023-01-06 12:19:33.339995+05:30,/login.html,7334.550748149,7334.564275714,0.01352756500000396,200,POST
2023-01-06 12:19:35.349108+05:30,/index.html,7336.56642314,7336.57338788,0.006964740000512393,200,GET
2023-01-06 12:19:43.364793+05:30,/index.html,7344.582400184,7344.589073305,0.006673120999948878,200,GET
2023-01-06 12:19:44.372570+05:30,/index.html,7345.590265046,7345.596849526,0.0065844800001286785,200,GET
2023-01-06 12:19:46.381377+05:30,/admin,7347.599079985,7347.605657234,0.006577249000656593,403,GET
2023-01-06 12:19:52.393959+05:30,/index.html,7353.611836615,7353.618239018,0.0064024029998108745,200,GET
2023-01-06 12:19:53.401253+05:30,/index.html,7354.619447385,7354.625532549,0.006085164000069199,200,GET
2023-01-06 12:19:54.409421+05:30,/login.html,7355.626713872,7355.63370086,0.006986987999880512,200,GET
2023-01-06 12:19:54.421189+05:30,/login.html,7355.633742154,7355.645471265,0.011729111000022385,200,POST
2023-01-06 12:19:56.430562+05:30,/admin,7357.647598627,7357.654842272,0.007243645000016841,200,GET
2023-01-06 12:19:58.439886+05:30,/index.html,7359.657041941,7359.664166376,0.007124435000150697,200,GET
2023-01-06 12:20:08.456995+05:30,/gallery.html,7369.674592478,7369.681274574,0.006682096000076854,200,GET
2023-01-06 12:20:09.464879+05:30,/gallery.html,7370.682411809,7370.689158316,0.006746507000571,200,GET
2023-01-06 12:20:11.473868+05:30,/gallery.html,7372.691301388,7372.698148085,0.006846696999673441,200,GET
2023-01-06 12:20:13.482315+05:30,/index.html,7374.699689439,7374.706595393,0.0069059539991940255,200,GET
2023-01-06 12:20:14.490041+05:30,/gallery.html,7375.707753237,7375.714320922,0.0065676849999363185,200,GET
2023-01-06 12:20:23.506220+05:30,/admin,7384.723799072,7384.730499389,0.006700317000650102,403,GET
2023-01-06 12:20:24.514001+05:30,/admin,7385.73166103,7385.738281112,0.006620081999244576,403,GET
2023-01-06 12:20:25.521892+05:30,/index.html,7386.739409182,7386.746172551,0.006763369000509556,200,GET
2023-01-06 12:20:27.530429+05:30,/login.html,7388.748355629,7388.754708721,0.006353091999699245,200,GET
2023-01-06 12:20:28.538515+05:30,/login.html,7389.755904395,7389.762794186,0.006889791000503465,200,GET
2023-01-06 12:20:36.553794+05:30,/about.html,7397.771335993,7397.778074083,0.00673808999999892,200,GET
2023-01-06 12:20:37.561496+05:30,/admin,7398.779229931,7398.785775898,0.006545966999510711,403,GET
2023-01-06 12:20:47.578622+05:30,/index.html,7408.796233541,7408.802902135,0.006668594000075245,200,GET
2023-01-06 12:20:49.587610+05:30,/about.html,7410.805110961,7410.811890063,0.00677910200010956,200,GET
2023-01-06 12:20:51.596415+05:30,/gallery.html,7412.813736553,7412.82069433,0.006957777000025089,200,GET
2023-01-06 12:20:53.605277+05:30,/index.html,7414.822830134,7414.829557501,0.006727367000166851,200,GET
2023-01-06 12:20:55.614112+05:30,/login.html,7416.831703767,7416.838392049,0.006688281999231549,200,GET
2023-01-06 12:21:04.629793+05:30,/index.html,7425.847792097,7425.854073434,0.006281337000473286,200,GET
2023-01-06 12:21:05.637454+05:30,/admin,7426.855210202,7426.861732364,0.006522161999782838,403,GET
2023-01-06 12:21:06.645520+05:30,/about.html,7427.86289949,7427.8697999,0.006900409999616386,200,GET
2023-01-06 12:21:07.653240+05:30,/admin,7428.870974131,7428.877519551,0.006545419999383739,403,GET
2023-01-06 12:21:08.661338+05:30,/index.html,7429.878686075,7429.885618061,0.006931986000381585,200,GET
2023-01-06 12:21:19.679444+05:30,/login.html,7440.897158426,7440.903723703,0.006565276999936032,200,GET
2023-01-06 12:21:19.692254+05:30,/login.html,7440.903780219,7440.916535042,0.012754823000250326,200,POST
2023-01-06 12:21:20.700628+05:30,/login.html,7441.917681906,7441.924908086,0.0072261799996340415,200,GET
2023-01-06 12:21:20.713942+05:30,/login.html,7441.92495027,7441.938223375,0.013273104999825591,200,POST
2023-01-06 12:21:21.722320+05:30,/gallery.html,7442.939347047,7442.94659986,0.007252812999468006,200,GET
2023-01-06 12:21:23.731797+05:30,/login.html,7444.948760728,7444.956072844,0.007312116000321112,200,GET
2023-01-06 12:21:24.740570+05:30,/login.html,7445.957280986,7445.964849971,0.007568985000034445,200,GET
2023-01-06 12:21:34.758027+05:30,/login.html,7455.97534633,7455.982306519,0.006960188999983075,200,GET
2023-01-06 12:21:34.770852+05:30,/login.html,7455.982348559,7455.995134096,0.012785537000127078,200,POST
2023-01-06 12:21:41.785238+05:30,/gallery.html,7463.002542128,7463.009517855,0.00697572700028104,200,GET
2023-01-06 12:21:43.793922+05:30,/about.html,7465.011668003,7465.018202219,0.006534216000545712,200,GET
2023-01-06 12:21:44.801758+05:30,/index.html,7466.019392795,7466.026037802,0.006645006999860925,200,GET
2023-01-06 12:21:45.809262+05:30,/admin,7467.0272045,7467.033541893,0.006337392999739677,403,GET
2023-01-06 12:21:47.817864+05:30,/admin,7469.035695707,7469.042143705,0.00644799800011242,403,GET
2023-01-06 12:21:55.833006+05:30,/gallery.html,7477.050563328,7477.057285551,0.0067222229999970295,200,GET
2023-01-06 12:22:03.848819+05:30,/login.html,7485.06570901,7485.073098771,0.007389761000013095,200,GET
2023-01-06 12:22:03.861517+05:30,/login.html,7485.073139942,7485.085798145,0.012658202999773494,200,POST
2023-01-06 12:22:04.869867+05:30,/login.html,7486.086945367,7486.094146408,0.0072010409994618385,200,GET
2023-01-06 12:22:13.885808+05:30,/about.html,7495.103651368,7495.110087814,0.006436445999497664,200,GET
2023-01-06 12:22:22.901941+05:30,/about.html,7504.11959764,7504.126221164,0.006623523999223835,200,GET
2023-01-06 12:22:24.910453+05:30,/index.html,7506.127623017,7506.134732239,0.007109222000508453,200,GET
2023-01-06 12:22:25.918296+05:30,/gallery.html,7507.135912088,7507.142575514,0.006663426000159234,200,GET
2023-01-06 12:22:27.927557+05:30,/login.html,7509.144793273,7509.151836439,0.007043166000585188,200,GET
2023-01-06 12:22:27.939973+05:30,/login.html,7509.151878771,7509.164255303,0.012376531999507279,200,POST
2023-01-06 12:22:28.948260+05:30,/login.html,7510.165359387,7510.172539301,0.007179914000516874,200,GET
2023-01-06 12:22:45.972763+05:30,/about.html,7527.190191684,7527.197042819,0.006851135000033537,200,GET
2023-01-06 12:22:46.980902+05:30,/index.html,7528.198211928,7528.205181159,0.0069692309998572455,200,GET
2023-01-06 12:22:47.988781+05:30,/gallery.html,7529.206386814,7529.213048485,0.006661671000074421,200,GET
2023-01-06 12:22:48.996719+05:30,/login.html,7530.214228523,7530.220999258,0.006770734999918204,200,GET
2023-01-06 12:22:49.009561+05:30,/login.html,7530.221040891,7530.23384166,0.012800769000023138,200,POST
2023-01-06 12:22:50.017981+05:30,/gallery.html,7531.234990554,7531.242260713,0.0072701589997450355,200,GET
2023-01-06 12:23:01.036126+05:30,/gallery.html,7542.25395549,7542.260405836,0.006450345999837737,200,GET
2023-01-06 12:23:06.048251+05:30,/gallery.html,7547.265812419,7547.272530302,0.006717882999510039,200,GET
2023-01-06 12:23:08.056999+05:30,/login.html,7549.274685038,7549.281279118,0.006594080000468239,200,GET
2023-01-06 12:23:09.064574+05:30,/admin,7550.282434008,7550.288853814,0.006419805999939854,403,GET
2023-01-06 12:23:10.072524+05:30,/gallery.html,7551.290019414,7551.296803583,0.006784168999729445,200,GET
2023-01-06 12:23:12.081060+05:30,/index.html,7553.298925876,7553.305339393,0.006413517000510183,200,GET
2023-01-06 12:23:18.090141+05:30,/admin,7559.307842058,7559.314421304,0.006579246000001149,403,GET
2023-01-06 12:23:19.098423+05:30,/login.html,7560.315630417,7560.322699595,0.007069178000165266,200,GET
2023-01-06 12:23:19.111153+05:30,/login.html,7560.322771703,7560.335434671,0.012662967999858665,200,POST
2023-01-06 12:23:21.120842+05:30,/gallery.html,7562.337565448,7562.345121815,0.007556367000688624,200,GET
2023-01-06 12:23:32.138465+05:30,/login.html,7573.356565254,7573.362745165,0.006179910999890126,200,GET
2023-01-06 12:23:32.151178+05:30,/login.html,7573.362785944,7573.375459595,0.01267365100011375,200,POST
2023-01-06 12:23:34.160721+05:30,/about.html,7575.377592887,7575.385001214,0.007408327000121062,200,GET
2023-01-06 12:23:36.170355+05:30,/about.html,7577.387159765,7577.394634773,0.007475007999346417,200,GET
2023-01-06 12:23:37.178669+05:30,/login.html,7578.395794171,7578.40294852,0.007154349000302318,200,GET
2023-01-06 12:23:47.195902+05:30,/index.html,7588.413361036,7588.420181466,0.0068204299996068585,200,GET
2023-01-06 12:23:48.203644+05:30,/index.html,7589.421324638,7589.427924241,0.006599602999813214,200,GET
2023-01-06 12:23:50.212269+05:30,/login.html,7591.430103396,7591.436549139,0.006445742999858339,200,GET
2023-01-06 12:23:50.225229+05:30,/login.html,7591.436638803,7591.449510883,0.012872079999397101,200,POST
2023-01-06 12:23:51.233705+05:30,/login.html,7592.450675124,7592.457985146,0.007310022000638128,200,GET
2023-01-06 12:23:59.248387+05:30,/login.html,7600.466459784,7600.472666966,0.006207182000252942,200,GET
2023-01-06 12:23:59.261111+05:30,/login.html,7600.472709628,7600.485392128,0.012682499999755237,200,POST
2023-01-06 12:24:01.270096+05:30,/index.html,7602.487499538,7602.494375107,0.006875569000840187,200,GET
2023-01-06 12:24:03.278681+05:30,/about.html,7604.495597678,7604.50296106,0.007363382000221463,200,GET
2023-01-06 12:24:10.294899+05:30,/admin,7611.510464095,7611.519175027,0.008710931999303284,403,GET
2023-01-06 12:24:12.303892+05:30,/login.html,7613.521323824,7613.528171338,0.006847513999673538,200,GET
2023-01-06 12:24:12.316899+05:30,/login.html,7613.528217284,7613.541180194,0.012962910000169359,200,POST
2023-01-06 12:24:13.325253+05:30,/gallery.html,7614.542337439,7614.54953295,0.007195510999736143,200,GET
2023-01-06 12:24:15.334616+05:30,/gallery.html,7616.551688324,7616.558895657,0.0072073330002240255,200,GET
2023-01-06 12:24:17.343781+05:30,/gallery.html,7618.561067514,7618.568060699,0.00699318500028312,200,GET
2023-01-06 12:24:26.359672+05:30,/login.html,7627.577475441,7627.583952333,0.006476891999227519,200,GET
2023-01-06 12:24:27.367181+05:30,/index.html,7628.585156832,7628.59145988,0.00630304799960868,200,GET
2023-01-06 12:24:29.375908+05:30,/about.html,7630.593638456,7630.600188101,0.006549644999722659,200,GET
2023-01-06 12:24:31.384426+05:30,/about.html,7632.602360512,7632.608706464,0.006345951999719546,200,GET
2023-01-06 12:24:32.392301+05:30,/gallery.html,7633.609901503,7633.616581273,0.006679769999209384,200,GET
2023-01-06 12:24:43.410601+05:30,/gallery.html,7644.628049008,7644.634880369,0.006831360999967728,200,GET
2023-01-06 12:24:44.418578+05:30,/admin,7645.636096448,7645.642858152,0.006761704000382451,403,GET
2023-01-06 12:24:45.426020+05:30,/admin,7646.644028984,7646.650299933,0.0062709489993721945,403,GET
2023-01-06 12:24:46.433866+05:30,/index.html,7647.65144505,7647.658146116,0.006701066000459832,200,GET
2023-01-06 12:24:47.441399+05:30,/admin,7648.659270616,7648.665679218,0.006408602000192332,403,GET
2023-01-06 12:24:55.456626+05:30,/admin,7656.674111697,7656.680905366,0.006793669000217051,403,GET
2023-01-06 12:24:56.464183+05:30,/admin,7657.682072349,7657.688463737,0.006391388000338338,403,GET
2023-01-06 12:24:57.471920+05:30,/login.html,7658.689620519,7658.6962002,0.00657968100040307,200,GET
2023-01-06 12:24:58.479747+05:30,/about.html,7659.697367426,7659.704026621,0.006659194999883766,200,GET
2023-01-06 12:24:59.487723+05:30,/gallery.html,7660.705189108,7660.712003064,0.0068139559998599,200,GET
2023-01-06 12:25:05.500638+05:30,/index.html,7666.718396961,7666.724917784,0.006520823000755627,200,GET
2023-01-06 12:25:06.508481+05:30,/admin,7667.726077851,7667.732760765,0.006682914000521123,403,GET
2023-01-06 12:25:07.516280+05:30,/login.html,7668.733935865,7668.740560384,0.006624519000069995,200,GET
2023-01-06 12:25:09.524931+05:30,/admin,7670.742706049,7670.749210304,0.0065042550004363875,403,GET
2023-01-06 12:25:11.533701+05:30,/login.html,7672.751342305,7672.757980782,0.006638476999796694,200,GET
2023-01-06 12:25:11.547527+05:30,/login.html,7672.758039325,7672.771808329,0.013769004000096174,200,POST
2023-01-06 12:25:16.559681+05:30,/admin,7677.777230658,7677.78396056,0.006729902000188304,403,GET
2023-01-06 12:25:17.567803+05:30,/login.html,7678.785133114,7678.792083094,0.006949980000172218,200,GET
2023-01-06 12:25:19.576571+05:30,/login.html,7680.794223748,7680.80085087,0.006627122000281815,200,GET
2023-01-06 12:25:20.584564+05:30,/login.html,7681.802021966,7681.808843979,0.006822012999691651,200,GET
2023-01-06 12:25:22.592642+05:30,/index.html,7683.811038047,7683.816921007,0.005882960000235471,200,GET
2023-01-06 12:25:35.612979+05:30,/index.html,7696.830065217,7696.837258561,0.007193344000370416,200,GET
2023-01-06 12:25:36.620855+05:30,/admin,7697.838466547,7697.845134541,0.006667994000054023,403,GET
2023-01-06 12:25:37.628538+05:30,/admin,7698.846291451,7698.8528177,0.006526248999762174,403,GET
2023-01-06 12:25:39.637346+05:30,/index.html,7700.854960955,7700.861626221,0.006665265999799885,200,GET
2023-01-06 12:25:40.645209+05:30,/login.html,7701.862773666,7701.869488433,0.006714766999721178,200,GET
2023-01-06 12:25:44.656490+05:30,/index.html,7705.873911973,7705.880770551,0.0068585779999921215,200,GET
2023-01-06 12:25:45.664481+05:30,/gallery.html,7706.882006576,7706.888761123,0.006754547000127786,200,GET
2023-01-06 12:25:47.673115+05:30,/about.html,7708.890939182,7708.897394391,0.006455208999796014,200,GET
2023-01-06 12:25:48.680824+05:30,/gallery.html,7709.898570769,7709.905103673,0.006532903999868722,200,GET
2023-01-06 12:25:51.690536+05:30,/login.html,7712.907814538,7712.914816259,0.007001721000051475,200,GET
2023-01-06 12:25:52.698215+05:30,/admin,7713.9159684,7713.922495119,0.006526719000248704,403,GET
2023-01-06 12:25:53.705520+05:30,/admin,7714.923640062,7714.929800749,0.006160686999464815,403,GET
2023-01-06 12:25:54.713565+05:30,/login.html,7715.930973382,7715.937844701,0.006871319000310905,200,GET
2023-01-06 12:25:54.726400+05:30,/login.html,7715.937887552,7715.950681931,0.01279437900029734,200,POST
2023-01-06 12:25:55.734679+05:30,/admin,7716.951796835,7716.958958258,0.007161423000070499,200,GET
2023-01-06 12:26:03.750331+05:30,/login.html,7724.967414164,7724.974611041,0.007196876999842061,200,GET
2023-01-06 12:26:07.761602+05:30,/about.html,7728.979053577,7728.985882488,0.006828911000411608,200,GET
2023-01-06 12:26:17.778279+05:30,/index.html,7738.995913823,7739.002559265,0.006645442000262847,200,GET
2023-01-06 12:26:25.793646+05:30,/about.html,7747.011124227,7747.017925833,0.006801605999498861,200,GET
2023-01-06 12:26:32.807689+05:30,/login.html,7754.025332814,7754.031968438,0.0066356240004097344,200,GET
2023-01-06 12:26:33.815006+05:30,/gallery.html,7755.033158938,7755.039286387,0.0061274489999050274,200,GET
2023-01-06 12:26:41.830066+05:30,/admin,7763.047785327,7763.054346599,0.006561271999999008,403,GET
2023-01-06 12:26:42.837764+05:30,/about.html,7764.055541993,7764.062043914,0.006501921000563016,200,GET
2023-01-06 12:26:44.846205+05:30,/about.html,7766.06421677,7766.070484818,0.006268048000492854,200,GET
2023-01-06 12:26:45.854154+05:30,/gallery.html,7767.071633945,7767.078433289,0.006799343999773555,200,GET
2023-01-06 12:26:47.863364+05:30,/login.html,7769.080586552,7769.087643357,0.007056805000502209,200,GET
2023-01-06 12:26:52.875602+05:30,/gallery.html,7774.093052156,7774.099882043,0.006829887000094459,200,GET
2023-01-06 12:26:58.888946+05:30,/login.html,7780.106348767,7780.113225008,0.006876241000099981,200,GET
2023-01-06 12:26:58.901510+05:30,/login.html,7780.113265784,7780.125791075,0.012525291000201833,200,POST
2023-01-06 12:26:59.909880+05:30,/login.html,7781.126981153,7781.134159091,0.007177937999585993,200,GET
2023-01-06 12:27:06.922563+05:30,/login.html,7788.139962916,7788.146842191,0.006879275000756024,200,GET
2023-01-06 12:27:06.935699+05:30,/login.html,7788.146894066,7788.159980991,0.013086925000607152,200,POST
2023-01-06 12:27:07.943810+05:30,/admin,7789.161170974,7789.168090302,0.0069193279996397905,200,GET
2023-01-06 12:27:09.953046+05:30,/about.html,7791.170235999,7791.177325477,0.007089477999215887,200,GET
2023-01-06 12:27:10.961376+05:30,/about.html,7792.178494354,7792.185655659,0.007161305000408902,200,GET
2023-01-06 12:27:17.975200+05:30,/login.html,7799.193050104,7799.199479963,0.006429859000490978,200,GET
2023-01-06 12:27:17.987383+05:30,/login.html,7799.199576277,7799.211665028,0.012088751000192133,200,POST
2023-01-06 12:27:18.995684+05:30,/index.html,7800.21284219,7800.21996421,0.007122020000679186,200,GET
2023-01-06 12:27:21.005033+05:30,/gallery.html,7802.222139536,7802.22931346,0.007173924000198895,200,GET
2023-01-06 12:27:25.016137+05:30,/gallery.html,7806.233747737,7806.240417075,0.006669337999483105,200,GET
2023-01-06 12:27:26.024162+05:30,/index.html,7807.241609138,7807.248441344,0.006832205999671714,200,GET
2023-01-06 12:27:27.032228+05:30,/login.html,7808.249662066,7808.256508614,0.006846547999884933,200,GET
2023-01-06 12:27:27.044591+05:30,/login.html,7808.256548337,7808.268872888,0.012324551000347128,200,POST
2023-01-06 12:27:29.053835+05:30,/admin,7810.271023915,7810.278114784,0.007090868999512168,200,GET
2023-01-06 12:27:31.062888+05:30,/admin,7812.280319504,7812.28716691,0.006847406000815681,200,GET
2023-01-06 12:27:36.076448+05:30,/about.html,7817.292641641,7817.300727903,0.008086261999778799,200,GET
2023-01-06 12:27:41.088523+05:30,/index.html,7822.306219993,7822.312801988,0.0065819949995784555,200,GET
2023-01-06 12:27:42.096044+05:30,/about.html,7823.313970306,7823.320324128,0.006353822000164655,200,GET
2023-01-06 12:27:54.115407+05:30,/gallery.html,7835.332777582,7835.33968608,0.006908498000484542,200,GET
2023-01-06 12:27:55.123359+05:30,/login.html,7836.340856524,7836.347639305,0.006782780999856186,200,GET
2023-01-06 12:27:56.131064+05:30,/admin,7837.3488049,7837.355342736,0.006537836000461539,403,GET
2023-01-06 12:27:57.139323+05:30,/login.html,7838.356513169,7838.363602938,0.007089769000231172,200,GET
2023-01-06 12:27:57.152497+05:30,/login.html,7838.36364347,7838.376778814,0.013135344000147597,200,POST
2023-01-06 12:28:01.163455+05:30,/admin,7842.381212517,7842.387734123,0.006521606000205793,403,GET
2023-01-06 12:28:03.171998+05:30,/admin,7844.38991272,7844.396277991,0.006365270999594941,403,GET
2023-01-06 12:28:04.179658+05:30,/admin,7845.397439211,7845.403937344,0.006498132999695372,403,GET
2023-01-06 12:28:05.187592+05:30,/index.html,7846.405120806,7846.41187189,0.006751083999915863,200,GET
2023-01-06 12:28:12.201405+05:30,/admin,7853.419321876,7853.425684923,0.00636304699946777,403,GET
2023-01-06 12:28:14.210777+05:30,/login.html,7855.427831097,7855.435056693,0.0072255959994436125,200,GET
2023-01-06 12:28:14.223530+05:30,/login.html,7855.435099647,7855.447811317,0.012711669999589503,200,POST
2023-01-06 12:28:16.232591+05:30,/admin,7857.449995917,7857.456871126,0.006875209000099858,200,GET
2023-01-06 12:28:24.248520+05:30,/login.html,7865.465913488,7865.472796982,0.006883493999339407,200,GET
2023-01-06 12:28:24.260772+05:30,/login.html,7865.472869482,7865.485054239,0.012184757000795798,200,POST
2023-01-06 12:28:34.278002+05:30,/gallery.html,7875.495565391,7875.502281356,0.006715964999784774,200,GET
2023-01-06 12:28:36.287309+05:30,/about.html,7877.504451938,7877.511588914,0.007136975999856077,200,GET
2023-01-06 12:28:37.294936+05:30,/admin,7878.512782273,7878.519215994,0.006433720999666548,403,GET
2023-01-06 12:28:39.304070+05:30,/about.html,7880.521371686,7880.528349628,0.0069779420000486425,200,GET
2023-01-06 12:28:41.312760+05:30,/gallery.html,7882.530521683,7882.537040069,0.006518385999697784,200,GET
2023-01-06 12:28:53.331845+05:30,/gallery.html,7894.549547078,7894.556125094,0.006578016000275966,200,GET
2023-01-06 12:28:55.340428+05:30,/admin,7896.558278214,7896.564707441,0.006429226999898674,403,GET
2023-01-06 12:28:56.347917+05:30,/about.html,7897.565879158,7897.572196838,0.006317680000393011,200,GET
2023-01-06 12:28:57.355894+05:30,/gallery.html,7898.573424301,7898.580174568,0.006750266999915766,200,GET
2023-01-06 12:29:01.367369+05:30,/about.html,7902.584615668,7902.591648703,0.00703303499994945,200,GET
2023-01-06 12:29:02.375150+05:30,/gallery.html,7903.592837592,7903.599429622,0.0065920299994104425,200,GET
2023-01-06 12:29:04.383882+05:30,/admin,7905.601582054,7905.608160801,0.006578747000276053,403,GET
2023-01-06 12:29:08.395030+05:30,/about.html,7909.612587069,7909.619305856,0.006718786999954318,200,GET
2023-01-06 12:29:18.412418+05:30,/admin,7919.629952602,7919.636698302,0.006745699999555654,403,GET
2023-01-06 12:29:19.420156+05:30,/about.html,7920.63786054,7920.644434857,0.006574317000740848,200,GET
2023-01-06 12:29:20.427749+05:30,/index.html,7921.645556552,7921.652028704,0.006472152000242204,200,GET
2023-01-06 12:29:22.436676+05:30,/about.html,7923.654202728,7923.660955394,0.006752665999556484,200,GET
2023-01-06 12:29:23.444407+05:30,/gallery.html,7924.662098364,7924.66868716,0.006588796000869479,200,GET
2023-01-06 12:29:30.457982+05:30,/gallery.html,7931.676075745,7931.682262238,0.006186492999404436,200,GET
2023-01-06 12:29:31.466009+05:30,/gallery.html,7932.683469733,7932.690289119,0.006819386000643135,200,GET
2023-01-06 12:29:32.473979+05:30,/gallery.html,7933.691495718,7933.698258484,0.006762766000065312,200,GET
2023-01-06 12:29:34.482675+05:30,/admin,7935.70041119,7935.706954949,0.006543759000123828,403,GET
2023-01-06 12:29:36.489372+05:30,/index.html,7937.707672888,7937.713651438,0.005978549999781535,200,GET
2023-01-06 12:29:47.507396+05:30,/gallery.html,7948.72513281,7948.731675558,0.006542747999446874,200,GET
2023-01-06 12:29:49.516229+05:30,/index.html,7950.733797498,7950.740508012,0.006710513999678369,200,GET
2023-01-06 12:29:51.525125+05:30,/index.html,7952.742673974,7952.749404831,0.00673085699963849,200,GET
2023-01-06 12:29:53.533811+05:30,/admin,7954.751550786,7954.758090495,0.006539709000207949,403,GET
2023-01-06 12:29:55.542645+05:30,/about.html,7956.760215001,7956.766925304,0.006710303000545537,200,GET
2023-01-06 12:30:05.559513+05:30,/gallery.html,7966.777366038,7966.783792583,0.006426545000067563,200,GET
2023-01-06 12:30:07.568365+05:30,/about.html,7968.785954533,7968.7926451,0.006690567000077863,200,GET
2023-01-06 12:30:08.576214+05:30,/login.html,7969.793811299,7969.8004935,0.006682201000330679,200,GET
2023-01-06 12:30:09.584003+05:30,/about.html,7970.801648689,7970.808282956,0.0066342669997538906,200,GET
2023-01-06 12:30:18.619076+05:30,/admin,7979.817729779,7979.8433566,0.02562682100051461,403,GET
2023-01-06 12:30:49.635594+05:30,/about.html,7980.844525904,8010.859871946,30.015346041999692,500,GET
2023-01-06 12:31:21.667571+05:30,/gallery.html,8012.862063543,8042.891849851,30.02978630800044,500,GET
2023-01-06 12:31:37.960727+05:30,/index.html,8043.892997492,8059.18500629,15.292008798000097,200,GET
2023-01-06 12:31:55.208775+05:30,/index.html,8072.198662636,8076.433054497,4.234391860999494,200,GET
2023-01-06 12:32:30.245768+05:30,/login.html,8081.438502334,8111.470045691,30.031543357000373,500,GET
2023-01-06 12:33:01.251561+05:30,/admin,8112.471218538,8142.475839016,30.004620477999197,500,GET
2023-01-06 12:33:05.592566+05:30,/about.html,8144.47797216,8146.816844731,2.338872571000138,200,GET
2023-01-06 12:33:09.646434+05:30,/login.html,8147.818016379,8150.870713754,3.0526973749992976,200,GET
2023-01-06 12:33:35.622493+05:30,/login.html,8150.870765498,8176.846772364,25.976006865999807,200,POST
2023-01-06 12:33:36.630182+05:30,/gallery.html,8177.847923171,8177.854462259,0.006539087999954063,200,GET
2023-01-06 12:33:43.644274+05:30,/gallery.html,8184.861938552,8184.868553869,0.006615317000068899,200,GET
2023-01-06 12:33:44.651901+05:30,/admin,8185.86971314,8185.876181375,0.006468234999374545,403,GET
2023-01-06 12:33:46.660568+05:30,/admin,8187.878340739,8187.884847859,0.006507119999696442,403,GET
2023-01-06 12:34:06.682069+05:30,/gallery.html,8207.899428396,8207.906348104,0.006919707999259117,200,GET
2023-01-06 12:34:08.690368+05:30,/admin,8209.908494296,8209.914648421,0.006154124999738997,403,GET
2023-01-06 12:34:10.699168+05:30,/gallery.html,8211.916809284,8211.923447728,0.006638444001509924,200,GET
2023-01-06 12:34:11.707073+05:30,/index.html,8212.92461782,8212.931352641,0.006734821001373348,200,GET
2023-01-06 12:34:13.715876+05:30,/login.html,8214.933498926,8214.940154969,0.0066560429986566305,200,GET
2023-01-06 12:34:22.729352+05:30,/admin,8223.947871929,8223.953632441,0.005760512000051676,403,GET
